Image1,Image2,Similar,Elapsed
file1.jpg,file2.jpg,38.3941134213051,0.0302
file3.jpg,file4.jpg,0.0,0.0593
file5.png,file6.png,65.16600491471311,0.0896
file8.png,file9.png,66.34622945969112,0.0757
file10.gif,file11.gif,13.29321011760659,0.0003
file3.jpg,file4.jpg,0.0,0.0408
